     ---------------------------------------------------------------------¬
     ¦                • MobaXterm Personal Edition v23.0 •                ¦
     ¦              (X server, SSH client and network tools)              ¦
     ¦                                                                    ¦
     ¦ ? Your computer drives are accessible through the /drives path     ¦
     ¦ ? Your DISPLAY is set to 192.168.0.112:0.0                         ¦
     ¦ ? When using SSH, your remote DISPLAY is automatically forwarded   ¦
     ¦ ? Each command status is specified by a special symbol (? or ?)    ¦
     ¦                                                                    ¦
     ¦ • Important:                                                       ¦
     ¦ This is MobaXterm Personal Edition. The Professional edition       ¦
     ¦ allows you to customize MobaXterm for your company: you can add    ¦
     ¦ your own logo, your parameters, your welcome message and generate  ¦
     ¦ either an MSI installation package or a portable executable.       ¦
     ¦ We can also modify MobaXterm or develop the plugins you need.      ¦
     ¦ For more information: https://mobaxterm.mobatek.net/download.html  ¦
     L---------------------------------------------------------------------

 ? 23/02/2023 ? ? 15:35.16 ? ? /home/mobaxterm ? ssh roman@192.168.0.234
roman@192.168.0.234's password:
Welcome to Ubuntu 22.04.1 LTS (GNU/Linux 5.15.0-60-generic x86_64)

 * Documentation:  https://help.ubuntu.com
 * Management:     https://landscape.canonical.com
 * Support:        https://ubuntu.com/advantage

  System information as of Thu Feb 23 12:35:21 PM UTC 2023

  System load:                      0.16650390625
  Usage of /:                       72.0% of 11.21GB
  Memory usage:                     44%
  Swap usage:                       0%
  Processes:                        148
  Users logged in:                  1
  IPv4 address for docker0:         172.17.0.1
  IPv4 address for docker_gwbridge: 172.19.0.1
  IPv4 address for enp0s3:          192.168.0.234

 * Strictly confined Kubernetes makes edge and IoT secure. Learn how MicroK8s
   just raised the bar for easy, resilient and secure K8s cluster deployment.

   https://ubuntu.com/engage/secure-kubernetes-at-the-edge

 * Introducing Expanded Security Maintenance for Applications.
   Receive updates to over 25,000 software packages with your
   Ubuntu Pro subscription. Free for personal use.

     https://ubuntu.com/pro

Expanded Security Maintenance for Applications is not enabled.

7 updates can be applied immediately.
To see these additional updates run: apt list --upgradable

Enable ESM Apps to receive additional future security updates.
See https://ubuntu.com/esm or run: sudo pro status


Last login: Thu Feb 23 10:05:28 2023 from 192.168.0.112
roman@dev:~$ mysqladmin password -u root -p
Enter password:
New password:
Confirm new password:
Warning: Since password will be sent to server in plain text, use ssl connection to ensure password safety.
roman@dev:~$ mysql_secure_installation

Securing the MySQL server deployment.

Enter password for user root:
Error: Access denied for user 'root'@'localhost' (using password: YES)
roman@dev:~$ mysql_secure_installation

Securing the MySQL server deployment.

Enter password for user root:

VALIDATE PASSWORD COMPONENT can be used to test passwords
and improve security. It checks the strength of password
and allows the users to set only those passwords which are
secure enough. Would you like to setup VALIDATE PASSWORD component?

Press y|Y for Yes, any other key for No: n
Using existing password for root.
Change the password for root ? ((Press y|Y for Yes, any other key for No) : n

 ... skipping.
By default, a MySQL installation has an anonymous user,
allowing anyone to log into MySQL without having to have
a user account created for them. This is intended only for
testing, and to make the installation go a bit smoother.
You should remove them before moving into a production
environment.

Remove anonymous users? (Press y|Y for Yes, any other key for No) : y
Success.


Normally, root should only be allowed to connect from
'localhost'. This ensures that someone cannot guess at
the root password from the network.

Disallow root login remotely? (Press y|Y for Yes, any other key for No) : y
Success.

By default, MySQL comes with a database named 'test' that
anyone can access. This is also intended only for testing,
and should be removed before moving into a production
environment.


Remove test database and access to it? (Press y|Y for Yes, any other key for No) : y
 - Dropping test database...
Success.

 - Removing privileges on test database...
Success.

Reloading the privilege tables will ensure that all changes
made so far will take effect immediately.

Reload privilege tables now? (Press y|Y for Yes, any other key for No) : y
Success.

All done!
roman@dev:~$ mysql -u root -p
Enter password:
Welcome to the MySQL monitor.  Commands end with ; or \g.
Your MySQL connection id is 13
Server version: 8.0.32 MySQL Community Server - GPL

Copyright (c) 2000, 2023, Oracle and/or its affiliates.

Oracle is a registered trademark of Oracle Corporation and/or its
affiliates. Other names may be trademarks of their respective
owners.

Type 'help;' or '\h' for help. Type '\c' to clear the current input statement.

mysql>
mysql>
mysql>
mysql>
mysql> CREATE DATABASE human_friends;
ERROR 4031 (HY000): The client was disconnected by the server because of inactivity. See wait_timeout and interactive_timeout for configuring this behavior.
No connection. Trying to reconnect...
Connection id:    14
Current database: *** NONE ***

Query OK, 1 row affected (0.32 sec)

mysql> CREATE DATABASE human_friends;
ERROR 1007 (HY000): Can't create database 'human_friends'; database exists
mysql> USE human_friends;
Database changed
mysql> CREATE TABLE pets
    -> (
    -> id INT NOT NULL PRIMARY KEY AUTO_INCREMENT,
    ->     type_of_pet VARCHAR(45)
    -> );
Query OK, 0 rows affected (0.23 sec)

mysql> SHOW DATABASES
    ->
    -> ^C
mysql> SHOW DATABASES;
+--------------------+
| Database           |
+--------------------+
| human_friends      |
| information_schema |
| mysql              |
| performance_schema |
| sys                |
+--------------------+
5 rows in set (0.01 sec)

mysql> INSERT INTO pets(type_of_pet)
    -> VALUES
    -> ("cats"),
    ->     ("dogs"),
    ->     ("hamsters");
Query OK, 3 rows affected (0.12 sec)
Records: 3  Duplicates: 0  Warnings: 0

mysql> SELECT *
    -> FROM pets;
+----+-------------+
| id | type_of_pet |
+----+-------------+
|  1 | cats        |
|  2 | dogs        |
|  3 | hamsters    |
+----+-------------+
3 rows in set (0.00 sec)

mysql> CREATE TABLE pack_animals
    -> (
    -> id INT NOT NULL PRIMARY KEY AUTO_INCREMENT,
    ->     type_of_pack_animals VARCHAR(45)
    -> );
Query OK, 0 rows affected (0.16 sec)

mysql> INSERT INTO pack_animals(type_of_pack_animals)
    -> VALUES
    -> ("horses"),
    ->     ("camels"),
    ->     ("donkeys");
Query OK, 3 rows affected (0.04 sec)
Records: 3  Duplicates: 0  Warnings: 0

mysql> SELECT *
    -> FROM pack_animals;
+----+----------------------+
| id | type_of_pack_animals |
+----+----------------------+
|  1 | horses               |
|  2 | camels               |
|  3 | donkeys              |
+----+----------------------+
3 rows in set (0.00 sec)

mysql> CREATE TABLE horses
    -> (
    -> id INT NOT NULL PRIMARY KEY AUTO_INCREMENT,
    ->     `name` VARCHAR(45) NOT NULL,
    ->     command VARCHAR(45),
    ->     date_of_birth DATE NOT NULL,
    ->     pack_animals_id INT NOT NULL
    -> );
Query OK, 0 rows affected (0.18 sec)

mysql> INSERT INTO horses(`name`, command, date_of_birth, pack_animals_id)
    -> VALUES
    -> ("Berry", "Step", "2012-10-25", 1),
    ->     ("Varangian", "Jog", "2016-05-04", 1),
    ->     ("Burushka", "Gallop", "2010-01-15", 1);
Query OK, 3 rows affected (0.04 sec)
Records: 3  Duplicates: 0  Warnings: 0

mysql> SELECT *
    -> FROM horses;
+----+-----------+---------+---------------+-----------------+
| id | name      | command | date_of_birth | pack_animals_id |
+----+-----------+---------+---------------+-----------------+
|  1 | Berry     | Step    | 2012-10-25    |               1 |
|  2 | Varangian | Jog     | 2016-05-04    |               1 |
|  3 | Burushka  | Gallop  | 2010-01-15    |               1 |
+----+-----------+---------+---------------+-----------------+
3 rows in set (0.00 sec)

mysql> CREATE TABLE camels
    -> (
    -> id INT NOT NULL PRIMARY KEY AUTO_INCREMENT,
    ->     `name` VARCHAR(45) NOT NULL,
    ->     command VARCHAR(45),
    ->     date_of_birth DATE NOT NULL,
    ->     pack_animals_id INT NOT NULL
    -> );
Query OK, 0 rows affected (0.18 sec)

mysql> INSERT INTO camels(`name`, command, date_of_birth, pack_animals_id)
    -> VALUES
    -> ("Sahara", "Stand", "2016-11-25", 2),
    ->     ("Bombay", "Lie", "2008-05-05", 2),
    ->     ("Narsil", "Stand up", "2011-02-17", 2);
Query OK, 3 rows affected (0.03 sec)
Records: 3  Duplicates: 0  Warnings: 0

mysql> SELECT *
    -> FROM camels;
+----+--------+----------+---------------+-----------------+
| id | name   | command  | date_of_birth | pack_animals_id |
+----+--------+----------+---------------+-----------------+
|  1 | Sahara | Stand    | 2016-11-25    |               2 |
|  2 | Bombay | Lie      | 2008-05-05    |               2 |
|  3 | Narsil | Stand up | 2011-02-17    |               2 |
+----+--------+----------+---------------+-----------------+
3 rows in set (0.00 sec)

mysql> CREATE TABLE donkeys
    -> (
    -> id INT NOT NULL PRIMARY KEY AUTO_INCREMENT,
    ->     `name` VARCHAR(45) NOT NULL,
    ->     command VARCHAR(45),
    ->     date_of_birth DATE NOT NULL,
    ->     pack_animals_id INT NOT NULL
    -> );
Query OK, 0 rows affected (0.11 sec)

mysql> INSERT INTO donkeys(`name`, command, date_of_birth, pack_animals_id)
    -> VALUES
    -> ("Diana", "Stand", "2015-09-08", 3),
    ->     ("Boy", "Lie", "2009-07-08", 3),
    ->     ("Gloria", "Stand up", "2014-03-19", 3);
Query OK, 3 rows affected (0.05 sec)
Records: 3  Duplicates: 0  Warnings: 0

mysql> SELECT *
    -> FROM donkeys;
+----+--------+----------+---------------+-----------------+
| id | name   | command  | date_of_birth | pack_animals_id |
+----+--------+----------+---------------+-----------------+
|  1 | Diana  | Stand    | 2015-09-08    |               3 |
|  2 | Boy    | Lie      | 2009-07-08    |               3 |
|  3 | Gloria | Stand up | 2014-03-19    |               3 |
+----+--------+----------+---------------+-----------------+
3 rows in set (0.00 sec)

mysql> CREATE TABLE cats
    -> (
    -> id INT NOT NULL PRIMARY KEY AUTO_INCREMENT,
    ->     `name` VARCHAR(45) NOT NULL,
    ->     command VARCHAR(45),
    ->     date_of_birth DATE NOT NULL,
    ->     pack_animals_id INT NOT NULL
    -> );
Query OK, 0 rows affected (0.19 sec)

mysql> INSERT INTO cats(`name`, command, date_of_birth, pack_animals_id)
    -> VALUES
    -> ("Amanda", "Stand", "2015-09-08", 1),
    ->     ("Liberty", "Lie", "2009-07-08", 1),
    ->     ("Golden", "Eat", "2014-03-19", 1);
Query OK, 3 rows affected (0.03 sec)
Records: 3  Duplicates: 0  Warnings: 0

mysql> SELECT *
    -> FROM cats;
+----+---------+---------+---------------+-----------------+
| id | name    | command | date_of_birth | pack_animals_id |
+----+---------+---------+---------------+-----------------+
|  1 | Amanda  | Stand   | 2015-09-08    |               1 |
|  2 | Liberty | Lie     | 2009-07-08    |               1 |
|  3 | Golden  | Eat     | 2014-03-19    |               1 |
+----+---------+---------+---------------+-----------------+
3 rows in set (0.01 sec)

mysql> CREATE TABLE dogs
    -> (
    -> id INT NOT NULL PRIMARY KEY AUTO_INCREMENT,
    ->     `name` VARCHAR(45) NOT NULL,
    ->     command VARCHAR(45),
    ->     date_of_birth DATE NOT NULL,
    ->     pack_animals_id INT NOT NULL
    -> );
Query OK, 0 rows affected (0.25 sec)

mysql> INSERT INTO dogs(`name`, command, date_of_birth, pack_animals_id)
    -> VALUES
    -> ("Duncan", "Stand", "2022-12-09", 2),
    ->     ("Camellia", "Voice", "2010-08-09", 2),
    ->     ("Amanda", "Eat", "2021-03-20", 2);
Query OK, 3 rows affected (0.03 sec)
Records: 3  Duplicates: 0  Warnings: 0

mysql> SELECT *
    -> FROM dogs;
+----+----------+---------+---------------+-----------------+
| id | name     | command | date_of_birth | pack_animals_id |
+----+----------+---------+---------------+-----------------+
|  1 | Duncan   | Stand   | 2022-12-09    |               2 |
|  2 | Camellia | Voice   | 2010-08-09    |               2 |
|  3 | Amanda   | Eat     | 2021-03-20    |               2 |
+----+----------+---------+---------------+-----------------+
3 rows in set (0.00 sec)

mysql> CREATE TABLE hamsres
    -> (
    -> id INT NOT NULL PRIMARY KEY AUTO_INCREMENT,
    ->     `name` VARCHAR(45) NOT NULL,
    ->     command VARCHAR(45),
    ->     date_of_birth DATE NOT NULL,
    ->     pack_animals_id INT NOT NULL
    -> );
Query OK, 0 rows affected (0.19 sec)

mysql> INSERT INTO hamsres(`name`, date_of_birth, pack_animals_id)
    -> VALUES
    -> ("Vincent", "2020-12-10", 3),
    ->     ("Grey", "2011-08-10", 3),
    ->     ("Liberty", "2022-03-22", 3);
Query OK, 3 rows affected (0.18 sec)
Records: 3  Duplicates: 0  Warnings: 0

mysql> SELECT *
    -> FROM hamsres;
+----+---------+---------+---------------+-----------------+
| id | name    | command | date_of_birth | pack_animals_id |
+----+---------+---------+---------------+-----------------+
|  1 | Vincent | NULL    | 2020-12-10    |               3 |
|  2 | Grey    | NULL    | 2011-08-10    |               3 |
|  3 | Liberty | NULL    | 2022-03-22    |               3 |
+----+---------+---------+---------------+-----------------+
3 rows in set (0.01 sec)

mysql> DELETE FROM pack_animals
    -> WHERE type_of_pack_animals="camels";
Query OK, 1 row affected (0.06 sec)

mysql> SELECT *
    -> FROM pack_animals;
+----+----------------------+
| id | type_of_pack_animals |
+----+----------------------+
|  1 | horses               |
|  3 | donkeys              |
+----+----------------------+
2 rows in set (0.00 sec)

mysql> DROP TABLE camels;
Query OK, 0 rows affected (0.13 sec)

mysql> SELECT *
    -> FROM horses
    -> UNION ALL
    -> SELECT *
    -> FROM donkeys;
+----+-----------+----------+---------------+-----------------+
| id | name      | command  | date_of_birth | pack_animals_id |
+----+-----------+----------+---------------+-----------------+
|  1 | Berry     | Step     | 2012-10-25    |               1 |
|  2 | Varangian | Jog      | 2016-05-04    |               1 |
|  3 | Burushka  | Gallop   | 2010-01-15    |               1 |
|  1 | Diana     | Stand    | 2015-09-08    |               3 |
|  2 | Boy       | Lie      | 2009-07-08    |               3 |
|  3 | Gloria    | Stand up | 2014-03-19    |               3 |
+----+-----------+----------+---------------+-----------------+
6 rows in set (0.01 sec)

mysql> CREATE TABLE young_animals
    -> SELECT *
    -> FROM horses
    -> WHERE date_of_birth BETWEEN "2020-01-01" AND "2022-12-12"
    ->
    -> UNION ALL
    ->
    -> SELECT *
    -> FROM donkeys
    -> WHERE date_of_birth BETWEEN "2020-01-01" AND "2022-12-12"
    ->
    -> UNION ALL
    ->
    -> SELECT *
    -> FROM cats
    -> WHERE date_of_birth BETWEEN "2020-01-01" AND "2022-12-12"
    ->
    -> UNION ALL
    ->
    -> SELECT *
    -> FROM dogs
    -> WHERE date_of_birth BETWEEN "2020-01-01" AND "2022-12-12"
    ->
    -> UNION ALL
    ->
    -> SELECT *
    -> FROM hamsres
    -> WHERE date_of_birth BETWEEN "2020-01-01" AND "2022-12-12";
Query OK, 4 rows affected (0.17 sec)
Records: 4  Duplicates: 0  Warnings: 0

mysql> SELECT *,
    -> ROUND(DATEDIFF(NOW(), date_of_birth) / 12) as age_in_months
    -> FROM young_animals;
+----+---------+---------+---------------+-----------------+---------------+
| id | name    | command | date_of_birth | pack_animals_id | age_in_months |
+----+---------+---------+---------------+-----------------+---------------+
|  1 | Duncan  | Stand   | 2022-12-09    |               2 |             6 |
|  3 | Amanda  | Eat     | 2021-03-20    |               2 |            59 |
|  1 | Vincent | NULL    | 2020-12-10    |               3 |            67 |
|  3 | Liberty | NULL    | 2022-03-22    |               3 |            28 |
+----+---------+---------+---------------+-----------------+---------------+
4 rows in set (0.04 sec)

mysql> SELECT *
    -> FROM horses
    ->
    -> UNION ALL
    ->
    -> SELECT *
    -> FROM donkeys
    ->
    -> UNION ALL
    ->
    -> SELECT *
    -> FROM cats
    ->
    -> UNION ALL
    ->
    -> SELECT *
    -> FROM dogs
    ->
    -> UNION ALL
    ->
    -> SELECT *
    -> FROM hamsres;
+----+-----------+----------+---------------+-----------------+
| id | name      | command  | date_of_birth | pack_animals_id |
+----+-----------+----------+---------------+-----------------+
|  1 | Berry     | Step     | 2012-10-25    |               1 |
|  2 | Varangian | Jog      | 2016-05-04    |               1 |
|  3 | Burushka  | Gallop   | 2010-01-15    |               1 |
|  1 | Diana     | Stand    | 2015-09-08    |               3 |
|  2 | Boy       | Lie      | 2009-07-08    |               3 |
|  3 | Gloria    | Stand up | 2014-03-19    |               3 |
|  1 | Amanda    | Stand    | 2015-09-08    |               1 |
|  2 | Liberty   | Lie      | 2009-07-08    |               1 |
|  3 | Golden    | Eat      | 2014-03-19    |               1 |
|  1 | Duncan    | Stand    | 2022-12-09    |               2 |
|  2 | Camellia  | Voice    | 2010-08-09    |               2 |
|  3 | Amanda    | Eat      | 2021-03-20    |               2 |
|  1 | Vincent   | NULL     | 2020-12-10    |               3 |
|  2 | Grey      | NULL     | 2011-08-10    |               3 |
|  3 | Liberty   | NULL     | 2022-03-22    |               3 |
+----+-----------+----------+---------------+-----------------+
15 rows in set (0.00 sec)

mysql>
